<?xml version='1.0' encoding='UTF-8' standalone='yes' ?>
<sailsfloor>
	<floor name="1" desc="Sample Floor" number="1" id="49">
		<read filepath="map.xml" type="vectormap" />
		<read filepath="aplist.xml" type="wifiaplist" />
		<read filepath="rss.xml" type="fingerprintlist" />
		<parameter map_orientation="0.0" />
		<parameter map_scale="0.9409820002966814" />
		<parameter map_level="20" />
		<parameter map_center_lon="120.68027676340077" />
		<parameter map_center_lat="24.140182529498077" />
		<parameter map_rotation="0.0" />
	</floor>
</sailsfloor>
